<?xml version="1.0" encoding="UTF-8"?>
<project-private xmlns="http://www.netbeans.org/ns/project-private/1">
    <editor-bookmarks xmlns="http://www.netbeans.org/ns/editor-bookmarks/2" lastBookmarkId="0"/>
    <open-files xmlns="http://www.netbeans.org/ns/projectui-open-files/2">
        <group>
            <file>file:/D:/Proyectos/Proyecto-AA/Bingo-proyectoAA/Grafos/src/util/main.java</file>
            <file>file:/D:/Proyectos/Proyecto-AA/Bingo-proyectoAA/Grafos/src/util/Juego.java</file>
            <file>file:/D:/Proyectos/Proyecto-AA/Bingo-proyectoAA/Grafos/src/Archivos/archivo.txt</file>
        </group>
    </open-files>
</project-private>
